Source Well,Destination Well,Transfer Volume
A1,AW29,2.5
A1,AW30,2.5
A2,AW31,2.5
A2,AW32,2.5
A2,AW33,2.5
A2,AW34,2.5
A2,AW35,2.5
A2,AW36,2.5
A2,AW37,2.5
A1,AW40,2.5
A1,AW41,2.5
A2,AW42,2.5
A2,AW43,2.5
A2,AW44,2.5
A2,AW45,2.5
A1,AW51,2.5
A1,AW52,2.5
A2,AW53,2.5
A2,AW54,2.5
A2,AW55,2.5
A1,AW57,2.5
A1,AW58,2.5
A2,AW59,2.5
A2,AW60,2.5
A2,AW61,2.5
A2,AW62,2.5
A2,AW63,2.5
A2,AW64,2.5
A1,AW69,2.5
A2,AW70,2.5
A2,AW71,2.5
A2,AW72,2.5
A2,AW73,2.5
A1,AW88,2.5
A2,AW89,2.5
A2,AW90,2.5
A2,AW91,2.5
A2,AW92,2.5
A2,AW93,2.5
A2,AW94,2.5
A2,AW95,2.5
A2,AW96,2.5
A2,AW97,2.5
A2,AW98,2.5
A2,AW104,2.5
A2,AW105,2.5
A2,AW106,2.5
A2,AW113,2.5
A2,AW114,2.5
A2,AW115,2.5
A2,AW116,2.5
A2,AW117,2.5
A2,AW118,2.5
A2,AW119,2.5
A2,AW137,2.5
A2,AW138,2.5
A2,AW139,2.5
A2,AW140,2.5
A2,AW141,2.5
A2,AW142,2.5
A2,AW143,2.5
A2,AW144,2.5
A2,AW145,2.5
A2,AW146,2.5
A2,AW147,2.5
A1,AW148,2.5
A2,AW153,2.5
A2,AW154,2.5
A2,AW155,2.5
A2,AW156,2.5
A2,AW157,2.5
A2,AW158,2.5
A2,AW159,2.5
A2,AW160,2.5
A2,AW161,2.5
A2,AW162,2.5
A1,AW164,2.5
A1,AX27,2.5
A1,AX28,2.5
A1,AX29,2.5
A2,AX30,2.5
A2,AX31,2.5
A2,AX32,2.5
A2,AX33,2.5
A2,AX34,2.5
A2,AX35,2.5
A2,AX36,2.5
A2,AX37,2.5
A2,AX38,2.5
A1,AX39,2.5
A1,AX40,2.5
A1,AX41,2.5
A2,AX42,2.5
A2,AX43,2.5
A2,AX44,2.5
A2,AX45,2.5
A1,AX51,2.5
A1,AX52,2.5
A2,AX53,2.5
A2,AX54,2.5
A2,AX55,2.5
A1,AX57,2.5
A1,AX58,2.5
A2,AX59,2.5
A2,AX60,2.5
A2,AX61,2.5
A2,AX62,2.5
A2,AX63,2.5
A2,AX64,2.5
A1,AX69,2.5
A2,AX70,2.5
A2,AX71,2.5
A2,AX72,2.5
A2,AX73,2.5
A1,AX88,2.5
A2,AX89,2.5
A2,AX90,2.5
A2,AX91,2.5
A2,AX92,2.5
A2,AX93,2.5
A2,AX94,2.5
A2,AX95,2.5
A2,AX96,2.5
A2,AX97,2.5
A2,AX98,2.5
A2,AX99,2.5
A2,AX104,2.5
A2,AX105,2.5
A2,AX106,2.5
A2,AX112,2.5
A2,AX113,2.5
A2,AX114,2.5
A2,AX115,2.5
A2,AX116,2.5
A2,AX117,2.5
A2,AX118,2.5
A2,AX119,2.5
A2,AX120,2.5
A1,AX121,2.5
A2,AX137,2.5
A2,AX138,2.5
A2,AX139,2.5
A2,AX140,2.5
A2,AX141,2.5
A2,AX142,2.5
A2,AX143,2.5
A2,AX144,2.5
A2,AX145,2.5
A2,AX146,2.5
A2,AX147,2.5
A2,AX148,2.5
A1,AX149,2.5
A1,AX150,2.5
A2,AX153,2.5
A2,AX154,2.5
A2,AX155,2.5
A2,AX156,2.5
A2,AX157,2.5
A2,AX158,2.5
A2,AX159,2.5
A2,AX160,2.5
A2,AX161,2.5
A2,AX162,2.5
A2,AX163,2.5
A1,AX164,2.5
A1,AX165,2.5
A1,AX166,2.5
A1,AY26,2.5
A1,AY27,2.5
A1,AY28,2.5
A2,AY29,2.5
A2,AY30,2.5
A2,AY31,2.5
A2,AY32,2.5
A2,AY33,2.5
A2,AY34,2.5
A2,AY35,2.5
A2,AY36,2.5
A2,AY37,2.5
A2,AY38,2.5
A2,AY39,2.5
A1,AY40,2.5
A1,AY41,2.5
A2,AY42,2.5
A2,AY43,2.5
A2,AY44,2.5
A2,AY45,2.5
A1,AY51,2.5
A1,AY52,2.5
A2,AY53,2.5
A2,AY54,2.5
A2,AY55,2.5
A1,AY57,2.5
A1,AY58,2.5
A2,AY59,2.5
A2,AY60,2.5
A2,AY61,2.5
A2,AY62,2.5
A2,AY63,2.5
A2,AY64,2.5
A1,AY69,2.5
A2,AY70,2.5
A2,AY71,2.5
A2,AY72,2.5
A2,AY73,2.5
A1,AY88,2.5
A2,AY89,2.5
A2,AY90,2.5
A2,AY91,2.5
A2,AY92,2.5
A2,AY93,2.5
A2,AY94,2.5
A2,AY95,2.5
A2,AY96,2.5
A2,AY97,2.5
A2,AY98,2.5
A2,AY99,2.5
A2,AY100,2.5
A2,AY104,2.5
A2,AY105,2.5
A2,AY106,2.5
A2,AY111,2.5
A2,AY112,2.5
A2,AY113,2.5
A2,AY114,2.5
A2,AY115,2.5
A2,AY116,2.5
A2,AY117,2.5
A2,AY118,2.5
A2,AY119,2.5
A2,AY120,2.5
A2,AY121,2.5
A1,AY122,2.5
A2,AY137,2.5
A2,AY138,2.5
A2,AY139,2.5
A2,AY140,2.5
A2,AY141,2.5
A2,AY142,2.5
A2,AY143,2.5
A2,AY144,2.5
A2,AY145,2.5
A2,AY146,2.5
A2,AY147,2.5
A2,AY148,2.5
A2,AY149,2.5
A1,AY150,2.5
A2,AY153,2.5
A2,AY154,2.5
A2,AY155,2.5
A2,AY156,2.5
A2,AY157,2.5
A2,AY158,2.5
A2,AY159,2.5
A2,AY160,2.5
A2,AY161,2.5
A2,AY162,2.5
A2,AY163,2.5
A2,AY164,2.5
A1,AY165,2.5
A1,AY166,2.5
A1,AY167,2.5
A1,AZ26,2.5
A1,AZ27,2.5
A2,AZ28,2.5
A2,AZ29,2.5
A2,AZ30,2.5
A2,AZ31,2.5
A1,AZ33,2.5
A1,AZ34,2.5
A1,AZ35,2.5
A1,AZ36,2.5
A2,AZ37,2.5
A2,AZ38,2.5
A2,AZ39,2.5
A1,AZ40,2.5
A1,AZ41,2.5
A1,AZ42,2.5
A2,AZ43,2.5
A2,AZ44,2.5
A2,AZ45,2.5
A1,AZ50,2.5
A1,AZ51,2.5
A2,AZ52,2.5
A2,AZ53,2.5
A2,AZ54,2.5
A2,AZ55,2.5
A1,AZ57,2.5
A1,AZ58,2.5
A2,AZ59,2.5
A2,AZ60,2.5
A2,AZ61,2.5
A2,AZ62,2.5
A2,AZ63,2.5
A2,AZ64,2.5
A1,AZ69,2.5
A2,AZ70,2.5
A2,AZ71,2.5
A2,AZ72,2.5
A2,AZ73,2.5
A1,AZ88,2.5
A2,AZ89,2.5
A2,AZ90,2.5
A2,AZ91,2.5
A1,AZ92,2.5
A1,AZ93,2.5
A1,AZ94,2.5
A1,AZ95,2.5
A1,AZ96,2.5
A2,AZ97,2.5
A2,AZ98,2.5
A2,AZ99,2.5
A2,AZ100,2.5
A2,AZ104,2.5
A2,AZ105,2.5
A2,AZ106,2.5
A2,AZ110,2.5
A2,AZ111,2.5
A2,AZ112,2.5
A2,AZ113,2.5
A1,AZ114,2.5
A1,AZ115,2.5
A1,AZ116,2.5
A1,AZ117,2.5
A1,AZ118,2.5
A2,AZ119,2.5
A2,AZ120,2.5
A2,AZ121,2.5
A1,AZ122,2.5
A1,AZ123,2.5
A2,AZ137,2.5
A2,AZ138,2.5
A2,AZ139,2.5
A2,AZ140,2.5
A1,AZ141,2.5
A1,AZ142,2.5
A1,AZ143,2.5
A1,AZ144,2.5
A1,AZ145,2.5
A1,AZ146,2.5
A2,AZ147,2.5
A2,AZ148,2.5
A2,AZ149,2.5
A1,AZ150,2.5
A1,AZ151,2.5
A2,AZ153,2.5
A2,AZ154,2.5
A2,AZ155,2.5
A2,AZ156,2.5
A1,AZ157,2.5
A1,AZ158,2.5
A1,AZ159,2.5
A1,AZ160,2.5
A1,AZ161,2.5
A2,AZ162,2.5
A2,AZ163,2.5
A2,AZ164,2.5
A2,AZ165,2.5
A1,AZ166,2.5
A1,AZ167,2.5
A1,BA25,2.5
A1,BA26,2.5
A1,BA27,2.5
A2,BA28,2.5
A2,BA29,2.5
A2,BA30,2.5
A2,BA31,2.5
A1,BA34,2.5
A1,BA35,2.5
A1,BA36,2.5
A2,BA37,2.5
A2,BA38,2.5
A2,BA39,2.5
A1,BA40,2.5
A1,BA41,2.5
A1,BA42,2.5
A2,BA43,2.5
A2,BA44,2.5
A2,BA45,2.5
A1,BA50,2.5
A1,BA51,2.5
A2,BA52,2.5
A2,BA53,2.5
A2,BA54,2.5
A2,BA55,2.5
A1,BA57,2.5
A1,BA58,2.5
A2,BA59,2.5
A2,BA60,2.5
A1,BA61,2.5
A2,BA62,2.5
A2,BA63,2.5
A2,BA64,2.5
A2,BA65,2.5
A1,BA69,2.5
A2,BA70,2.5
A2,BA71,2.5
A2,BA72,2.5
A2,BA73,2.5
A1,BA88,2.5
A2,BA89,2.5
A2,BA90,2.5
A2,BA91,2.5
A1,BA97,2.5
A2,BA98,2.5
A2,BA99,2.5
A2,BA100,2.5
A2,BA104,2.5
A2,BA105,2.5
A2,BA106,2.5
A2,BA110,2.5
A2,BA111,2.5
A2,BA112,2.5
A1,BA113,2.5
A2,BA120,2.5
A2,BA121,2.5
A2,BA122,2.5
A1,BA123,2.5
A2,BA137,2.5
A2,BA138,2.5
A2,BA139,2.5
A2,BA140,2.5
A1,BA141,2.5
A1,BA142,2.5
A2,BA147,2.5
A2,BA148,2.5
A2,BA149,2.5
A1,BA150,2.5
A1,BA151,2.5
A2,BA153,2.5
A2,BA154,2.5
A2,BA155,2.5
A1,BA156,2.5
A1,BA157,2.5
A1,BA158,2.5
A2,BA163,2.5
A2,BA164,2.5
A2,BA165,2.5
A1,BA166,2.5
A1,BA167,2.5
A1,BB25,2.5
A1,BB26,2.5
A1,BB27,2.5
A2,BB28,2.5
A2,BB29,2.5
A2,BB30,2.5
A1,BB35,2.5
A1,BB36,2.5
A1,BB37,2.5
A2,BB39,2.5
A1,BB40,2.5
A1,BB41,2.5
A1,BB42,2.5
A2,BB43,2.5
A2,BB44,2.5
A2,BB45,2.5
A2,BB46,2.5
A1,BB50,2.5
A1,BB51,2.5
A2,BB52,2.5
A2,BB53,2.5
A2,BB54,2.5
A2,BB55,2.5
A1,BB57,2.5
A1,BB58,2.5
A2,BB59,2.5
A2,BB60,2.5
A1,BB61,2.5
A1,BB62,2.5
A2,BB63,2.5
A2,BB64,2.5
A2,BB65,2.5
A1,BB69,2.5
A2,BB70,2.5
A2,BB71,2.5
A2,BB72,2.5
A2,BB73,2.5
A1,BB88,2.5
A2,BB89,2.5
A2,BB90,2.5
A2,BB91,2.5
A2,BB98,2.5
A2,BB99,2.5
A2,BB100,2.5
A2,BB104,2.5
A2,BB105,2.5
A2,BB106,2.5
A2,BB110,2.5
A2,BB111,2.5
A2,BB112,2.5
A1,BB113,2.5
A2,BB120,2.5
A2,BB121,2.5
A2,BB122,2.5
A1,BB123,2.5
A2,BB137,2.5
A2,BB138,2.5
A2,BB139,2.5
A2,BB140,2.5
A1,BB141,2.5
A1,BB142,2.5
A2,BB147,2.5
A2,BB148,2.5
A2,BB149,2.5
A1,BB150,2.5
A1,BB151,2.5
A2,BB153,2.5
A2,BB154,2.5
A2,BB155,2.5
A1,BB156,2.5
A1,BB157,2.5
A1,BB158,2.5
A2,BB163,2.5
A2,BB164,2.5
A2,BB165,2.5
A1,BB166,2.5
A1,BB167,2.5
A1,BC25,2.5
A1,BC26,2.5
A1,BC27,2.5
A2,BC28,2.5
A2,BC29,2.5
A2,BC30,2.5
A1,BC40,2.5
A1,BC41,2.5
A1,BC42,2.5
A2,BC43,2.5
A2,BC44,2.5
A2,BC45,2.5
A2,BC46,2.5
A1,BC50,2.5
A1,BC51,2.5
A2,BC52,2.5
A2,BC53,2.5
A2,BC54,2.5
A2,BC55,2.5
A1,BC57,2.5
A1,BC58,2.5
A2,BC59,2.5
A2,BC60,2.5
A1,BC61,2.5
A1,BC62,2.5
A2,BC63,2.5
A2,BC64,2.5
A2,BC65,2.5
A1,BC69,2.5
A2,BC70,2.5
A2,BC71,2.5
A2,BC72,2.5
A2,BC73,2.5
A1,BC88,2.5
A2,BC89,2.5
A2,BC90,2.5
A2,BC91,2.5
A2,BC97,2.5
A2,BC98,2.5
A2,BC99,2.5
A2,BC100,2.5
A2,BC104,2.5
A2,BC105,2.5
A2,BC106,2.5
A2,BC110,2.5
A2,BC111,2.5
A2,BC112,2.5
A1,BC113,2.5
A2,BC120,2.5
A2,BC121,2.5
A2,BC122,2.5
A1,BC123,2.5
A2,BC137,2.5
A2,BC138,2.5
A2,BC139,2.5
A2,BC140,2.5
A1,BC141,2.5
A2,BC147,2.5
A2,BC148,2.5
A2,BC149,2.5
A1,BC150,2.5
A1,BC151,2.5
A2,BC153,2.5
A2,BC154,2.5
A2,BC155,2.5
A1,BC156,2.5
A1,BC157,2.5
A1,BC158,2.5
A2,BC163,2.5
A2,BC164,2.5
A2,BC165,2.5
A1,BC166,2.5
A1,BC167,2.5
A1,BC168,2.5
A1,BD25,2.5
A1,BD26,2.5
A1,BD27,2.5
A2,BD28,2.5
A2,BD29,2.5
A2,BD30,2.5
A1,BD41,2.5
A1,BD42,2.5
A2,BD43,2.5
A2,BD44,2.5
A2,BD45,2.5
A2,BD46,2.5
A1,BD50,2.5
A1,BD51,2.5
A2,BD52,2.5
A2,BD53,2.5
A2,BD54,2.5
A1,BD57,2.5
A1,BD58,2.5
A2,BD59,2.5
A2,BD60,2.5
A1,BD61,2.5
A1,BD62,2.5
A2,BD63,2.5
A2,BD64,2.5
A2,BD65,2.5
A1,BD69,2.5
A2,BD70,2.5
A2,BD71,2.5
A2,BD72,2.5
A2,BD73,2.5
A1,BD88,2.5
A2,BD89,2.5
A2,BD90,2.5
A2,BD91,2.5
A2,BD98,2.5
A2,BD99,2.5
A2,BD100,2.5
A2,BD104,2.5
A2,BD105,2.5
A2,BD106,2.5
A2,BD110,2.5
A2,BD111,2.5
A2,BD112,2.5
A1,BD113,2.5
A2,BD120,2.5
A2,BD121,2.5
A2,BD122,2.5
A1,BD123,2.5
A2,BD137,2.5
A2,BD138,2.5
A2,BD139,2.5
A2,BD140,2.5
A1,BD141,2.5
A1,BD142,2.5
A2,BD147,2.5
A2,BD148,2.5
A2,BD149,2.5
A1,BD150,2.5
A1,BD151,2.5
A2,BD153,2.5
A2,BD154,2.5
A2,BD155,2.5
A1,BD156,2.5
A1,BD157,2.5
A1,BD158,2.5
A2,BD163,2.5
A2,BD164,2.5
A2,BD165,2.5
A1,BD166,2.5
A1,BD167,2.5
A1,BE25,2.5
A1,BE26,2.5
A1,BE27,2.5
A2,BE28,2.5
A2,BE29,2.5
A2,BE30,2.5
A1,BE41,2.5
A1,BE42,2.5
A2,BE43,2.5
A2,BE44,2.5
A2,BE45,2.5
A2,BE46,2.5
A1,BE50,2.5
A1,BE51,2.5
A2,BE52,2.5
A2,BE53,2.5
A2,BE54,2.5
A1,BE57,2.5
A1,BE58,2.5
A2,BE59,2.5
A2,BE60,2.5
A1,BE61,2.5
A1,BE62,2.5
A2,BE63,2.5
A2,BE64,2.5
A2,BE65,2.5
A1,BE69,2.5
A2,BE70,2.5
A2,BE71,2.5
A2,BE72,2.5
A2,BE73,2.5
A1,BE88,2.5
A2,BE89,2.5
A2,BE90,2.5
A2,BE91,2.5
A2,BE98,2.5
A2,BE99,2.5
A2,BE100,2.5
A2,BE104,2.5
A2,BE105,2.5
A2,BE106,2.5
A2,BE110,2.5
A2,BE111,2.5
A2,BE112,2.5
A1,BE113,2.5
A2,BE120,2.5
A2,BE121,2.5
A2,BE122,2.5
A1,BE123,2.5
A2,BE137,2.5
A2,BE138,2.5
A2,BE139,2.5
A2,BE140,2.5
A1,BE141,2.5
A2,BE147,2.5
A2,BE148,2.5
A2,BE149,2.5
A1,BE150,2.5
A1,BE151,2.5
A2,BE153,2.5
A2,BE154,2.5
A2,BE155,2.5
A1,BE156,2.5
A1,BE157,2.5
A1,BE158,2.5
A2,BE163,2.5
A2,BE164,2.5
A2,BE165,2.5
A1,BE166,2.5
A1,BE167,2.5
A1,BE168,2.5
A1,BF25,2.5
A1,BF26,2.5
A1,BF27,2.5
A2,BF28,2.5
A2,BF29,2.5
A2,BF30,2.5
A2,BF31,2.5
A1,BF41,2.5
A1,BF42,2.5
A1,BF43,2.5
A2,BF44,2.5
A2,BF45,2.5
A2,BF46,2.5
A1,BF50,2.5
A1,BF51,2.5
A2,BF52,2.5
A2,BF53,2.5
A2,BF54,2.5
A1,BF57,2.5
A1,BF58,2.5
A2,BF59,2.5
A2,BF60,2.5
A2,BF61,2.5
A1,BF62,2.5
A1,BF63,2.5
A2,BF64,2.5
A2,BF65,2.5
A1,BF69,2.5
A2,BF70,2.5
A2,BF71,2.5
A2,BF72,2.5
A1,BF88,2.5
A2,BF89,2.5
A2,BF90,2.5
A2,BF91,2.5
A2,BF98,2.5
A2,BF99,2.5
A2,BF100,2.5
A2,BF104,2.5
A2,BF105,2.5
A2,BF106,2.5
A2,BF110,2.5
A2,BF111,2.5
A2,BF112,2.5
A1,BF113,2.5
A2,BF120,2.5
A2,BF121,2.5
A2,BF122,2.5
A1,BF123,2.5
A2,BF137,2.5
A2,BF138,2.5
A2,BF139,2.5
A2,BF140,2.5
A1,BF141,2.5
A1,BF142,2.5
A2,BF147,2.5
A2,BF148,2.5
A2,BF149,2.5
A1,BF150,2.5
A1,BF151,2.5
A2,BF153,2.5
A2,BF154,2.5
A2,BF155,2.5
A1,BF156,2.5
A1,BF157,2.5
A1,BF158,2.5
A2,BF163,2.5
A2,BF164,2.5
A2,BF165,2.5
A1,BF166,2.5
A1,BF167,2.5
A1,BG25,2.5
A1,BG26,2.5
A1,BG27,2.5
A1,BG28,2.5
A2,BG29,2.5
A2,BG30,2.5
A2,BG31,2.5
A2,BG32,2.5
A1,BG41,2.5
A1,BG42,2.5
A1,BG43,2.5
A2,BG44,2.5
A2,BG45,2.5
A2,BG46,2.5
A1,BG49,2.5
A1,BG50,2.5
A2,BG51,2.5
A2,BG52,2.5
A2,BG53,2.5
A2,BG54,2.5
A1,BG57,2.5
A1,BG58,2.5
A2,BG59,2.5
A2,BG60,2.5
A2,BG61,2.5
A1,BG62,2.5
A1,BG63,2.5
A2,BG64,2.5
A2,BG65,2.5
A2,BG66,2.5
A1,BG69,2.5
A2,BG70,2.5
A2,BG71,2.5
A2,BG72,2.5
A2,BG73,2.5
A2,BG78,2.5
A2,BG79,2.5
A2,BG82,2.5
A1,BG88,2.5
A2,BG89,2.5
A2,BG90,2.5
A2,BG91,2.5
A2,BG97,2.5
A2,BG98,2.5
A2,BG99,2.5
A2,BG100,2.5
A2,BG104,2.5
A2,BG105,2.5
A2,BG106,2.5
A2,BG110,2.5
A2,BG111,2.5
A2,BG112,2.5
A1,BG113,2.5
A2,BG120,2.5
A2,BG121,2.5
A2,BG122,2.5
A1,BG123,2.5
A2,BG128,2.5
A2,BG129,2.5
A2,BG131,2.5
A2,BG132,2.5
A2,BG137,2.5
A2,BG138,2.5
A2,BG139,2.5
A2,BG140,2.5
A1,BG141,2.5
A2,BG147,2.5
A2,BG148,2.5
A2,BG149,2.5
A1,BG150,2.5
A1,BG151,2.5
A2,BG153,2.5
A2,BG154,2.5
A2,BG155,2.5
A1,BG156,2.5
A1,BG157,2.5
A1,BG158,2.5
A2,BG163,2.5
A2,BG164,2.5
A2,BG165,2.5
A1,BG166,2.5
A1,BG167,2.5
A1,BH26,2.5
A1,BH27,2.5
A1,BH28,2.5
A2,BH29,2.5
A2,BH30,2.5
A2,BH31,2.5
A2,BH32,2.5
A2,BH33,2.5
A1,BH41,2.5
A1,BH42,2.5
A1,BH43,2.5
A2,BH44,2.5
A2,BH45,2.5
A2,BH46,2.5
A2,BH47,2.5
A1,BH49,2.5
A1,BH50,2.5
A2,BH51,2.5
A2,BH52,2.5
A2,BH53,2.5
A2,BH54,2.5
A1,BH57,2.5
A1,BH58,2.5
A2,BH59,2.5
A2,BH60,2.5
A2,BH61,2.5
A1,BH62,2.5
A1,BH63,2.5
A2,BH64,2.5
A2,BH65,2.5
A2,BH66,2.5
A1,BH69,2.5
A2,BH70,2.5
A2,BH71,2.5
A2,BH72,2.5
A1,BH77,2.5
A2,BH78,2.5
A2,BH79,2.5
A2,BH80,2.5
A2,BH81,2.5
A2,BH82,2.5
A2,BH83,2.5
A1,BH88,2.5
A2,BH89,2.5
A2,BH90,2.5
A2,BH91,2.5
A2,BH97,2.5
A2,BH98,2.5
A2,BH99,2.5
A2,BH100,2.5
A2,BH104,2.5
A2,BH105,2.5
A2,BH106,2.5
A2,BH110,2.5
A2,BH111,2.5
A2,BH112,2.5
A1,BH113,2.5
A2,BH120,2.5
A2,BH121,2.5
A2,BH122,2.5
A1,BH123,2.5
A2,BH127,2.5
A2,BH128,2.5
A2,BH129,2.5
A1,BH130,2.5
A2,BH131,2.5
A2,BH132,2.5
A2,BH133,2.5
A2,BH137,2.5
A2,BH138,2.5
A2,BH139,2.5
A2,BH140,2.5
A1,BH141,2.5
A1,BH142,2.5
A2,BH147,2.5
A2,BH148,2.5
A2,BH149,2.5
A1,BH150,2.5
A1,BH151,2.5
A2,BH153,2.5
A2,BH154,2.5
A2,BH155,2.5
A1,BH156,2.5
A1,BH157,2.5
A1,BH158,2.5
A2,BH162,2.5
A2,BH163,2.5
A2,BH164,2.5
A2,BH165,2.5
A1,BH166,2.5
A1,BH167,2.5
A1,BI26,2.5
A1,BI27,2.5
A1,BI28,2.5
A1,BI29,2.5
A2,BI30,2.5
A2,BI31,2.5
A2,BI32,2.5
A2,BI33,2.5
A2,BI34,2.5
A2,BI35,2.5
A1,BI42,2.5
A1,BI43,2.5
A2,BI44,2.5
A2,BI45,2.5
A2,BI46,2.5
A2,BI47,2.5
A1,BI49,2.5
A1,BI50,2.5
A2,BI51,2.5
A2,BI52,2.5
A2,BI53,2.5
A2,BI54,2.5
A1,BI57,2.5
A1,BI58,2.5
A2,BI59,2.5
A2,BI60,2.5
A2,BI61,2.5
A1,BI62,2.5
A1,BI63,2.5
A2,BI64,2.5
A2,BI65,2.5
A2,BI66,2.5
A1,BI69,2.5
A2,BI70,2.5
A2,BI71,2.5
A2,BI72,2.5
A2,BI73,2.5
A1,BI77,2.5
A2,BI78,2.5
A2,BI79,2.5
A2,BI80,2.5
A2,BI81,2.5
A2,BI82,2.5
A2,BI83,2.5
A1,BI88,2.5
A2,BI89,2.5
A2,BI90,2.5
A2,BI91,2.5
A2,BI96,2.5
A2,BI97,2.5
A2,BI98,2.5
A2,BI99,2.5
A1,BI100,2.5
A2,BI104,2.5
A2,BI105,2.5
A2,BI106,2.5
A2,BI110,2.5
A2,BI111,2.5
A2,BI112,2.5
A1,BI113,2.5
A2,BI120,2.5
A2,BI121,2.5
A2,BI122,2.5
A1,BI123,2.5
A2,BI128,2.5
A2,BI129,2.5
A2,BI130,2.5
A2,BI131,2.5
A2,BI132,2.5
A1,BI133,2.5
A1,BI134,2.5
A2,BI137,2.5
A2,BI138,2.5
A2,BI139,2.5
A2,BI140,2.5
A1,BI141,2.5
A1,BI142,2.5
A2,BI143,2.5
A2,BI146,2.5
A2,BI147,2.5
A2,BI148,2.5
A2,BI149,2.5
A1,BI150,2.5
A1,BI151,2.5
A2,BI153,2.5
A2,BI154,2.5
A2,BI155,2.5
A1,BI156,2.5
A1,BI157,2.5
A1,BI158,2.5
A2,BI160,2.5
A2,BI161,2.5
A2,BI162,2.5
A2,BI163,2.5
A2,BI164,2.5
A1,BI165,2.5
A1,BI166,2.5
A1,BI167,2.5
A1,BJ27,2.5
A1,BJ28,2.5
A1,BJ29,2.5
A1,BJ30,2.5
A2,BJ31,2.5
A2,BJ32,2.5
A2,BJ33,2.5
A2,BJ34,2.5
A2,BJ35,2.5
A2,BJ36,2.5
A1,BJ42,2.5
A1,BJ43,2.5
A2,BJ44,2.5
A2,BJ45,2.5
A2,BJ46,2.5
A2,BJ47,2.5
A1,BJ49,2.5
A1,BJ50,2.5
A2,BJ51,2.5
A2,BJ52,2.5
A2,BJ53,2.5
A1,BJ57,2.5
A1,BJ58,2.5
A2,BJ59,2.5
A2,BJ60,2.5
A2,BJ61,2.5
A1,BJ62,2.5
A1,BJ63,2.5
A2,BJ64,2.5
A2,BJ65,2.5
A2,BJ66,2.5
A1,BJ69,2.5
A2,BJ70,2.5
A2,BJ71,2.5
A2,BJ72,2.5
A2,BJ73,2.5
A1,BJ77,2.5
A1,BJ78,2.5
A2,BJ79,2.5
A2,BJ80,2.5
A2,BJ81,2.5
A2,BJ82,2.5
A1,BJ88,2.5
A2,BJ89,2.5
A2,BJ90,2.5
A2,BJ91,2.5
A2,BJ92,2.5
A2,BJ93,2.5
A2,BJ94,2.5
A2,BJ95,2.5
A2,BJ96,2.5
A2,BJ97,2.5
A2,BJ98,2.5
A1,BJ99,2.5
A2,BJ104,2.5
A2,BJ105,2.5
A2,BJ106,2.5
A2,BJ110,2.5
A2,BJ111,2.5
A2,BJ112,2.5
A1,BJ113,2.5
A2,BJ120,2.5
A2,BJ121,2.5
A2,BJ122,2.5
A1,BJ123,2.5
A2,BJ128,2.5
A2,BJ129,2.5
A2,BJ130,2.5
A2,BJ131,2.5
A1,BJ132,2.5
A1,BJ133,2.5
A2,BJ137,2.5
A2,BJ138,2.5
A2,BJ139,2.5
A2,BJ140,2.5
A2,BJ141,2.5
A2,BJ142,2.5
A2,BJ143,2.5
A2,BJ144,2.5
A2,BJ145,2.5
A2,BJ146,2.5
A2,BJ147,2.5
A2,BJ148,2.5
A1,BJ149,2.5
A1,BJ150,2.5
A2,BJ153,2.5
A2,BJ154,2.5
A2,BJ155,2.5
A2,BJ156,2.5
A2,BJ157,2.5
A2,BJ158,2.5
A2,BJ159,2.5
A2,BJ160,2.5
A2,BJ161,2.5
A2,BJ162,2.5
A2,BJ163,2.5
A1,BJ164,2.5
A1,BJ165,2.5
A1,BJ166,2.5
A1,BJ167,2.5
A1,BK28,2.5
A1,BK29,2.5
A1,BK30,2.5
A1,BK31,2.5
A2,BK32,2.5
A2,BK33,2.5
A2,BK34,2.5
A2,BK35,2.5
A2,BK36,2.5
A2,BK37,2.5
A1,BK42,2.5
A1,BK43,2.5
A2,BK44,2.5
A2,BK45,2.5
A2,BK46,2.5
A2,BK47,2.5
A1,BK49,2.5
A1,BK50,2.5
A2,BK51,2.5
A2,BK52,2.5
A2,BK53,2.5
A1,BK57,2.5
A1,BK58,2.5
A2,BK59,2.5
A2,BK60,2.5
A2,BK61,2.5
A1,BK63,2.5
A1,BK64,2.5
A2,BK65,2.5
A2,BK66,2.5
A2,BK67,2.5
A1,BK69,2.5
A2,BK70,2.5
A2,BK71,2.5
A2,BK72,2.5
A2,BK73,2.5
A1,BK78,2.5
A2,BK79,2.5
A2,BK80,2.5
A2,BK81,2.5
A2,BK82,2.5
A1,BK88,2.5
A2,BK89,2.5
A2,BK90,2.5
A2,BK91,2.5
A2,BK92,2.5
A2,BK93,2.5
A2,BK94,2.5
A2,BK95,2.5
A2,BK96,2.5
A2,BK97,2.5
A1,BK98,2.5
A2,BK104,2.5
A2,BK105,2.5
A2,BK106,2.5
A2,BK110,2.5
A2,BK111,2.5
A2,BK112,2.5
A1,BK113,2.5
A2,BK120,2.5
A2,BK121,2.5
A2,BK122,2.5
A1,BK123,2.5
A2,BK129,2.5
A2,BK130,2.5
A2,BK131,2.5
A1,BK132,2.5
A1,BK133,2.5
A2,BK137,2.5
A2,BK138,2.5
A2,BK139,2.5
A2,BK140,2.5
A2,BK141,2.5
A2,BK142,2.5
A2,BK143,2.5
A2,BK144,2.5
A2,BK145,2.5
A2,BK146,2.5
A2,BK147,2.5
A1,BK148,2.5
A1,BK149,2.5
A1,BK150,2.5
A2,BK153,2.5
A2,BK154,2.5
A2,BK155,2.5
A2,BK156,2.5
A2,BK157,2.5
A2,BK158,2.5
A2,BK159,2.5
A2,BK160,2.5
A2,BK161,2.5
A2,BK162,2.5
A2,BK163,2.5
A1,BK164,2.5
A1,BK165,2.5
A1,BK166,2.5
A1,BL29,2.5
A1,BL30,2.5
A1,BL31,2.5
A1,BL32,2.5
A1,BL33,2.5
A2,BL34,2.5
A2,BL35,2.5
A2,BL36,2.5
A2,BL37,2.5
A2,BL38,2.5
A1,BL42,2.5
A1,BL43,2.5
A1,BL44,2.5
A2,BL45,2.5
A2,BL46,2.5
A2,BL47,2.5
A1,BL48,2.5
A1,BL49,2.5
A1,BL50,2.5
A2,BL51,2.5
A2,BL52,2.5
A2,BL53,2.5
A1,BL57,2.5
A1,BL58,2.5
A2,BL59,2.5
A2,BL60,2.5
A2,BL61,2.5
A1,BL63,2.5
A1,BL64,2.5
A2,BL65,2.5
A2,BL66,2.5
A2,BL67,2.5
A1,BL69,2.5
A2,BL70,2.5
A2,BL71,2.5
A2,BL72,2.5
A2,BL73,2.5
A1,BL78,2.5
A2,BL79,2.5
A2,BL80,2.5
A2,BL81,2.5
A2,BL82,2.5
A1,BL88,2.5
A2,BL89,2.5
A2,BL90,2.5
A2,BL91,2.5
A2,BL92,2.5
A2,BL93,2.5
A2,BL94,2.5
A2,BL95,2.5
A2,BL96,2.5
A2,BL97,2.5
A2,BL98,2.5
A2,BL99,2.5
A2,BL104,2.5
A2,BL105,2.5
A2,BL106,2.5
A2,BL110,2.5
A2,BL111,2.5
A2,BL112,2.5
A1,BL113,2.5
A2,BL120,2.5
A2,BL121,2.5
A2,BL122,2.5
A1,BL123,2.5
A2,BL128,2.5
A2,BL129,2.5
A2,BL130,2.5
A2,BL131,2.5
A1,BL132,2.5
A2,BL137,2.5
A2,BL138,2.5
A2,BL139,2.5
A2,BL140,2.5
A2,BL141,2.5
A2,BL142,2.5
A2,BL143,2.5
A2,BL144,2.5
A2,BL145,2.5
A2,BL146,2.5
A2,BL147,2.5
A2,BL148,2.5
A1,BL149,2.5
A2,BL153,2.5
A2,BL154,2.5
A2,BL155,2.5
A2,BL156,2.5
A2,BL157,2.5
A2,BL158,2.5
A2,BL159,2.5
A2,BL160,2.5
A2,BL161,2.5
A2,BL162,2.5
A2,BL163,2.5
A2,BL164,2.5
A1,BL165,2.5
A1,BM31,2.5
A1,BM32,2.5
A1,BM33,2.5
A1,BM34,2.5
A2,BM35,2.5
A2,BM36,2.5
A2,BM37,2.5
A2,BM38,2.5
A2,BM39,2.5
A1,BM42,2.5
A1,BM43,2.5
A1,BM44,2.5
A2,BM45,2.5
A2,BM46,2.5
A2,BM47,2.5
A1,BM48,2.5
A1,BM49,2.5
A2,BM50,2.5
A2,BM51,2.5
A2,BM52,2.5
A2,BM53,2.5
A1,BM57,2.5
A1,BM58,2.5
A2,BM59,2.5
A2,BM60,2.5
A2,BM61,2.5
A1,BM63,2.5
A1,BM64,2.5
A2,BM65,2.5
A2,BM66,2.5
A2,BM67,2.5
A1,BM69,2.5
A2,BM70,2.5
A2,BM71,2.5
A2,BM72,2.5
A2,BM78,2.5
A2,BM79,2.5
A2,BM80,2.5
A2,BM81,2.5
A2,BM82,2.5
A2,BM83,2.5
A1,BM88,2.5
A2,BM89,2.5
A2,BM90,2.5
A1,BM91,2.5
A1,BM92,2.5
A1,BM93,2.5
A1,BM94,2.5
A1,BM95,2.5
A1,BM96,2.5
A2,BM97,2.5
A2,BM98,2.5
A2,BM99,2.5
A2,BM100,2.5
A2,BM104,2.5
A2,BM105,2.5
A2,BM106,2.5
A2,BM110,2.5
A2,BM111,2.5
A2,BM112,2.5
A1,BM113,2.5
A2,BM120,2.5
A2,BM121,2.5
A2,BM122,2.5
A1,BM123,2.5
A2,BM127,2.5
A2,BM128,2.5
A2,BM129,2.5
A2,BM130,2.5
A2,BM131,2.5
A2,BM132,2.5
A1,BM133,2.5
A2,BM137,2.5
A2,BM138,2.5
A2,BM139,2.5
A2,BM140,2.5
A1,BM141,2.5
A1,BM142,2.5
A1,BM143,2.5
A1,BM144,2.5
A1,BM145,2.5
A1,BM146,2.5
A2,BM147,2.5
A2,BM148,2.5
A2,BM149,2.5
A1,BM150,2.5
A2,BM153,2.5
A2,BM154,2.5
A2,BM155,2.5
A1,BM156,2.5
A1,BM157,2.5
A1,BM158,2.5
A1,BM159,2.5
A1,BM160,2.5
A1,BM161,2.5
A2,BM162,2.5
A2,BM163,2.5
A2,BM164,2.5
A1,BM165,2.5
A1,BM166,2.5
A1,BN32,2.5
A1,BN33,2.5
A1,BN34,2.5
A1,BN35,2.5
A2,BN36,2.5
A2,BN37,2.5
A2,BN38,2.5
A2,BN39,2.5
A1,BN42,2.5
A1,BN43,2.5
A1,BN44,2.5
A2,BN45,2.5
A2,BN46,2.5
A2,BN47,2.5
A1,BN48,2.5
A1,BN49,2.5
A2,BN50,2.5
A2,BN51,2.5
A2,BN52,2.5
A2,BN53,2.5
A1,BN57,2.5
A1,BN58,2.5
A2,BN59,2.5
A2,BN60,2.5
A2,BN61,2.5
A1,BN63,2.5
A1,BN64,2.5
A2,BN65,2.5
A2,BN66,2.5
A2,BN67,2.5
A1,BN69,2.5
A2,BN70,2.5
A2,BN71,2.5
A2,BN72,2.5
A2,BN73,2.5
A1,BN77,2.5
A2,BN78,2.5
A2,BN79,2.5
A1,BN80,2.5
A1,BN81,2.5
A2,BN82,2.5
A2,BN83,2.5
A1,BN88,2.5
A2,BN89,2.5
A2,BN90,2.5
A2,BN91,2.5
A1,BN97,2.5
A2,BN98,2.5
A2,BN99,2.5
A2,BN100,2.5
A2,BN104,2.5
A2,BN105,2.5
A2,BN106,2.5
A2,BN110,2.5
A2,BN111,2.5
A2,BN112,2.5
A1,BN113,2.5
A2,BN120,2.5
A2,BN121,2.5
A2,BN122,2.5
A1,BN123,2.5
A2,BN127,2.5
A2,BN128,2.5
A2,BN129,2.5
A1,BN130,2.5
A1,BN131,2.5
A2,BN132,2.5
A1,BN133,2.5
A1,BN134,2.5
A2,BN137,2.5
A2,BN138,2.5
A2,BN139,2.5
A2,BN140,2.5
A1,BN141,2.5
A1,BN142,2.5
A2,BN147,2.5
A2,BN148,2.5
A2,BN149,2.5
A1,BN150,2.5
A1,BN151,2.5
A2,BN153,2.5
A2,BN154,2.5
A2,BN155,2.5
A1,BN156,2.5
A1,BN157,2.5
A1,BN158,2.5
A2,BN163,2.5
A2,BN164,2.5
A2,BN165,2.5
A1,BN166,2.5
A1,BN167,2.5
A1,BO33,2.5
A1,BO34,2.5
A1,BO35,2.5
A1,BO36,2.5
A2,BO37,2.5
A2,BO38,2.5
A2,BO39,2.5
A1,BO43,2.5
A1,BO44,2.5
A2,BO45,2.5
A2,BO46,2.5
A2,BO47,2.5
A1,BO48,2.5
A1,BO49,2.5
A2,BO50,2.5
A2,BO51,2.5
A2,BO52,2.5
A2,BO53,2.5
A1,BO57,2.5
A1,BO58,2.5
A2,BO59,2.5
A2,BO60,2.5
A2,BO61,2.5
A1,BO63,2.5
A1,BO64,2.5
A2,BO65,2.5
A2,BO66,2.5
A2,BO67,2.5
A1,BO69,2.5
A2,BO70,2.5
A2,BO71,2.5
A2,BO72,2.5
A1,BO77,2.5
A1,BO78,2.5
A1,BO81,2.5
A1,BO82,2.5
A1,BO88,2.5
A2,BO89,2.5
A2,BO90,2.5
A2,BO91,2.5
A1,BO97,2.5
A2,BO98,2.5
A2,BO99,2.5
A2,BO100,2.5
A2,BO101,2.5
A2,BO104,2.5
A2,BO105,2.5
A2,BO106,2.5
A2,BO110,2.5
A2,BO111,2.5
A2,BO112,2.5
A1,BO113,2.5
A2,BO120,2.5
A2,BO121,2.5
A2,BO122,2.5
A1,BO123,2.5
A1,BO129,2.5
A1,BO130,2.5
A1,BO132,2.5
A1,BO133,2.5
A1,BO134,2.5
A2,BO137,2.5
A2,BO138,2.5
A2,BO139,2.5
A2,BO140,2.5
A1,BO141,2.5
A1,BO142,2.5
A2,BO147,2.5
A2,BO148,2.5
A2,BO149,2.5
A1,BO150,2.5
A1,BO151,2.5
A2,BO153,2.5
A2,BO154,2.5
A2,BO155,2.5
A1,BO156,2.5
A1,BO157,2.5
A1,BO158,2.5
A2,BO163,2.5
A2,BO164,2.5
A2,BO165,2.5
A1,BO166,2.5
A1,BO167,2.5
A1,BO168,2.5
A2,BP28,2.5
A2,BP29,2.5
A2,BP30,2.5
A1,BP34,2.5
A1,BP35,2.5
A1,BP36,2.5
A2,BP37,2.5
A2,BP38,2.5
A2,BP39,2.5
A2,BP40,2.5
A1,BP43,2.5
A1,BP44,2.5
A2,BP45,2.5
A2,BP46,2.5
A2,BP47,2.5
A1,BP48,2.5
A1,BP49,2.5
A2,BP50,2.5
A2,BP51,2.5
A2,BP52,2.5
A1,BP57,2.5
A1,BP58,2.5
A2,BP59,2.5
A2,BP60,2.5
A2,BP61,2.5
A1,BP64,2.5
A1,BP65,2.5
A2,BP66,2.5
A2,BP67,2.5
A1,BP68,2.5
A1,BP69,2.5
A2,BP70,2.5
A2,BP71,2.5
A2,BP72,2.5
A2,BP73,2.5
A1,BP78,2.5
A1,BP81,2.5
A1,BP88,2.5
A2,BP89,2.5
A2,BP90,2.5
A2,BP91,2.5
A2,BP98,2.5
A2,BP99,2.5
A2,BP100,2.5
A2,BP101,2.5
A2,BP104,2.5
A2,BP105,2.5
A2,BP106,2.5
A2,BP110,2.5
A2,BP111,2.5
A2,BP112,2.5
A1,BP113,2.5
A2,BP120,2.5
A2,BP121,2.5
A2,BP122,2.5
A1,BP123,2.5
A2,BP137,2.5
A2,BP138,2.5
A2,BP139,2.5
A2,BP140,2.5
A1,BP141,2.5
A1,BP142,2.5
A2,BP147,2.5
A2,BP148,2.5
A2,BP149,2.5
A2,BP150,2.5
A1,BP151,2.5
A1,BP152,2.5
A2,BP153,2.5
A2,BP154,2.5
A2,BP155,2.5
A1,BP156,2.5
A1,BP157,2.5
A1,BP158,2.5
A2,BP163,2.5
A2,BP164,2.5
A2,BP165,2.5
A1,BP166,2.5
A1,BP167,2.5
A1,BP168,2.5
A2,BQ28,2.5
A2,BQ29,2.5
A2,BQ30,2.5
A1,BQ34,2.5
A1,BQ35,2.5
A1,BQ36,2.5
A2,BQ37,2.5
A2,BQ38,2.5
A2,BQ39,2.5
A2,BQ40,2.5
A1,BQ43,2.5
A1,BQ44,2.5
A2,BQ45,2.5
A2,BQ46,2.5
A2,BQ47,2.5
A2,BQ48,2.5
A2,BQ49,2.5
A2,BQ50,2.5
A2,BQ51,2.5
A2,BQ52,2.5
A1,BQ57,2.5
A1,BQ58,2.5
A2,BQ59,2.5
A2,BQ60,2.5
A2,BQ61,2.5
A1,BQ64,2.5
A1,BQ65,2.5
A2,BQ66,2.5
A2,BQ67,2.5
A1,BQ68,2.5
A1,BQ69,2.5
A2,BQ70,2.5
A2,BQ71,2.5
A2,BQ72,2.5
A2,BQ73,2.5
A1,BQ88,2.5
A2,BQ89,2.5
A2,BQ90,2.5
A2,BQ91,2.5
A2,BQ98,2.5
A2,BQ99,2.5
A2,BQ100,2.5
A2,BQ104,2.5
A2,BQ105,2.5
A2,BQ106,2.5
A2,BQ110,2.5
A2,BQ111,2.5
A2,BQ112,2.5
A1,BQ113,2.5
A2,BQ120,2.5
A2,BQ121,2.5
A2,BQ122,2.5
A1,BQ123,2.5
A2,BQ137,2.5
A2,BQ138,2.5
A2,BQ139,2.5
A2,BQ140,2.5
A1,BQ141,2.5
A1,BQ142,2.5
A2,BQ147,2.5
A2,BQ148,2.5
A2,BQ149,2.5
A2,BQ150,2.5
A1,BQ151,2.5
A2,BQ153,2.5
A2,BQ154,2.5
A2,BQ155,2.5
A1,BQ156,2.5
A1,BQ157,2.5
A1,BQ158,2.5
A2,BQ163,2.5
A2,BQ164,2.5
A2,BQ165,2.5
A1,BQ166,2.5
A1,BQ167,2.5
A1,BQ168,2.5
A1,BR25,2.5
A1,BR26,2.5
A1,BR27,2.5
A2,BR28,2.5
A2,BR29,2.5
A2,BR30,2.5
A1,BR35,2.5
A1,BR36,2.5
A1,BR37,2.5
A2,BR38,2.5
A2,BR39,2.5
A2,BR40,2.5
A1,BR43,2.5
A1,BR44,2.5
A1,BR45,2.5
A2,BR46,2.5
A2,BR47,2.5
A2,BR48,2.5
A2,BR49,2.5
A2,BR50,2.5
A2,BR51,2.5
A2,BR52,2.5
A1,BR57,2.5
A1,BR58,2.5
A2,BR59,2.5
A2,BR60,2.5
A2,BR61,2.5
A1,BR64,2.5
A1,BR65,2.5
A2,BR66,2.5
A2,BR67,2.5
A1,BR68,2.5
A1,BR69,2.5
A2,BR70,2.5
A2,BR71,2.5
A2,BR72,2.5
A2,BR73,2.5
A1,BR88,2.5
A2,BR89,2.5
A2,BR90,2.5
A2,BR91,2.5
A2,BR98,2.5
A2,BR99,2.5
A2,BR100,2.5
A2,BR101,2.5
A2,BR104,2.5
A2,BR105,2.5
A2,BR106,2.5
A2,BR110,2.5
A2,BR111,2.5
A2,BR112,2.5
A1,BR113,2.5
A2,BR120,2.5
A2,BR121,2.5
A2,BR122,2.5
A1,BR123,2.5
A2,BR137,2.5
A2,BR138,2.5
A2,BR139,2.5
A2,BR140,2.5
A1,BR141,2.5
A1,BR142,2.5
A2,BR147,2.5
A2,BR148,2.5
A2,BR149,2.5
A2,BR150,2.5
A1,BR151,2.5
A2,BR153,2.5
A2,BR154,2.5
A2,BR155,2.5
A1,BR156,2.5
A1,BR157,2.5
A1,BR158,2.5
A2,BR163,2.5
A2,BR164,2.5
A2,BR165,2.5
A1,BR166,2.5
A1,BR167,2.5
A1,BR168,2.5
A1,BS25,2.5
A1,BS26,2.5
A1,BS27,2.5
A2,BS28,2.5
A2,BS29,2.5
A2,BS30,2.5
A1,BS35,2.5
A1,BS36,2.5
A1,BS37,2.5
A2,BS38,2.5
A2,BS39,2.5
A2,BS40,2.5
A1,BS43,2.5
A1,BS44,2.5
A1,BS45,2.5
A2,BS46,2.5
A2,BS47,2.5
A2,BS48,2.5
A2,BS49,2.5
A2,BS50,2.5
A2,BS51,2.5
A2,BS52,2.5
A1,BS57,2.5
A1,BS58,2.5
A2,BS59,2.5
A2,BS60,2.5
A2,BS61,2.5
A1,BS64,2.5
A1,BS65,2.5
A2,BS66,2.5
A2,BS67,2.5
A2,BS68,2.5
A1,BS69,2.5
A2,BS70,2.5
A2,BS71,2.5
A2,BS72,2.5
A2,BS73,2.5
A1,BS88,2.5
A2,BS89,2.5
A2,BS90,2.5
A2,BS91,2.5
A2,BS98,2.5
A2,BS99,2.5
A2,BS100,2.5
A2,BS101,2.5
A2,BS104,2.5
A2,BS105,2.5
A2,BS106,2.5
A2,BS110,2.5
A2,BS111,2.5
A2,BS112,2.5
A1,BS113,2.5
A2,BS120,2.5
A2,BS121,2.5
A2,BS122,2.5
A1,BS123,2.5
A2,BS137,2.5
A2,BS138,2.5
A2,BS139,2.5
A2,BS140,2.5
A1,BS141,2.5
A2,BS147,2.5
A2,BS148,2.5
A2,BS149,2.5
A2,BS150,2.5
A1,BS151,2.5
A2,BS153,2.5
A2,BS154,2.5
A2,BS155,2.5
A1,BS156,2.5
A1,BS157,2.5
A1,BS158,2.5
A2,BS163,2.5
A2,BS164,2.5
A2,BS165,2.5
A1,BS166,2.5
A1,BS167,2.5
A1,BS168,2.5
A1,BT25,2.5
A1,BT26,2.5
A1,BT27,2.5
A2,BT28,2.5
A2,BT29,2.5
A2,BT30,2.5
A1,BT35,2.5
A1,BT36,2.5
A1,BT37,2.5
A2,BT38,2.5
A2,BT39,2.5
A2,BT40,2.5
A1,BT43,2.5
A1,BT44,2.5
A1,BT45,2.5
A1,BT46,2.5
A1,BT47,2.5
A1,BT48,2.5
A2,BT49,2.5
A2,BT50,2.5
A2,BT51,2.5
A2,BT52,2.5
A1,BT57,2.5
A1,BT58,2.5
A2,BT59,2.5
A2,BT60,2.5
A2,BT61,2.5
A1,BT64,2.5
A1,BT65,2.5
A2,BT66,2.5
A2,BT67,2.5
A2,BT68,2.5
A1,BT69,2.5
A2,BT70,2.5
A2,BT71,2.5
A2,BT72,2.5
A2,BT73,2.5
A1,BT88,2.5
A2,BT89,2.5
A2,BT90,2.5
A2,BT91,2.5
A2,BT98,2.5
A2,BT99,2.5
A2,BT100,2.5
A2,BT104,2.5
A2,BT105,2.5
A2,BT106,2.5
A2,BT110,2.5
A2,BT111,2.5
A2,BT112,2.5
A1,BT113,2.5
A2,BT120,2.5
A2,BT121,2.5
A2,BT122,2.5
A1,BT123,2.5
A2,BT137,2.5
A2,BT138,2.5
A2,BT139,2.5
A2,BT140,2.5
A1,BT141,2.5
A1,BT142,2.5
A2,BT147,2.5
A2,BT148,2.5
A2,BT149,2.5
A2,BT150,2.5
A1,BT151,2.5
A2,BT153,2.5
A2,BT154,2.5
A2,BT155,2.5
A1,BT156,2.5
A1,BT157,2.5
A1,BT158,2.5
A2,BT163,2.5
A2,BT164,2.5
A2,BT165,2.5
A1,BT166,2.5
A1,BT167,2.5
A1,BT168,2.5
A1,BU25,2.5
A1,BU26,2.5
A1,BU27,2.5
A2,BU28,2.5
A2,BU29,2.5
A2,BU30,2.5
A1,BU35,2.5
A1,BU36,2.5
A1,BU37,2.5
A2,BU38,2.5
A2,BU39,2.5
A2,BU40,2.5
A1,BU44,2.5
A1,BU45,2.5
A1,BU46,2.5
A1,BU47,2.5
A1,BU48,2.5
A2,BU49,2.5
A2,BU50,2.5
A2,BU51,2.5
A2,BU52,2.5
A1,BU57,2.5
A1,BU58,2.5
A2,BU59,2.5
A2,BU60,2.5
A2,BU61,2.5
A1,BU65,2.5
A1,BU66,2.5
A2,BU67,2.5
A2,BU68,2.5
A1,BU69,2.5
A2,BU70,2.5
A2,BU71,2.5
A2,BU72,2.5
A2,BU73,2.5
A1,BU88,2.5
A2,BU89,2.5
A2,BU90,2.5
A2,BU91,2.5
A2,BU98,2.5
A2,BU99,2.5
A2,BU100,2.5
A2,BU101,2.5
A2,BU104,2.5
A2,BU105,2.5
A2,BU106,2.5
A2,BU110,2.5
A2,BU111,2.5
A2,BU112,2.5
A1,BU113,2.5
A2,BU120,2.5
A2,BU121,2.5
A2,BU122,2.5
A1,BU123,2.5
A2,BU137,2.5
A2,BU138,2.5
A2,BU139,2.5
A2,BU140,2.5
A1,BU141,2.5
A2,BU147,2.5
A2,BU148,2.5
A2,BU149,2.5
A2,BU150,2.5
A1,BU151,2.5
A2,BU153,2.5
A2,BU154,2.5
A2,BU155,2.5
A1,BU156,2.5
A1,BU157,2.5
A1,BU158,2.5
A2,BU163,2.5
A2,BU164,2.5
A2,BU165,2.5
A1,BU166,2.5
A1,BU167,2.5
A1,BU168,2.5
A1,BV25,2.5
A1,BV26,2.5
A1,BV27,2.5
A2,BV28,2.5
A2,BV29,2.5
A2,BV30,2.5
A1,BV35,2.5
A1,BV36,2.5
A1,BV37,2.5
A2,BV38,2.5
A2,BV39,2.5
A2,BV40,2.5
A1,BV47,2.5
A1,BV48,2.5
A2,BV49,2.5
A2,BV50,2.5
A2,BV51,2.5
A1,BV57,2.5
A1,BV58,2.5
A2,BV59,2.5
A2,BV60,2.5
A2,BV61,2.5
A1,BV65,2.5
A1,BV66,2.5
A2,BV67,2.5
A2,BV68,2.5
A1,BV69,2.5
A2,BV70,2.5
A2,BV71,2.5
A2,BV72,2.5
A2,BV73,2.5
A1,BV88,2.5
A2,BV89,2.5
A2,BV90,2.5
A2,BV91,2.5
A2,BV98,2.5
A2,BV99,2.5
A2,BV100,2.5
A2,BV101,2.5
A2,BV104,2.5
A2,BV105,2.5
A2,BV106,2.5
A2,BV110,2.5
A2,BV111,2.5
A2,BV112,2.5
A1,BV113,2.5
A2,BV120,2.5
A2,BV121,2.5
A2,BV122,2.5
A1,BV123,2.5
A2,BV137,2.5
A2,BV138,2.5
A2,BV139,2.5
A2,BV140,2.5
A1,BV141,2.5
A2,BV147,2.5
A2,BV148,2.5
A2,BV149,2.5
A2,BV150,2.5
A1,BV151,2.5
A2,BV153,2.5
A2,BV154,2.5
A2,BV155,2.5
A1,BV156,2.5
A1,BV157,2.5
A1,BV158,2.5
A2,BV163,2.5
A2,BV164,2.5
A2,BV165,2.5
A1,BV166,2.5
A1,BV167,2.5
A1,BV168,2.5
A1,BW25,2.5
A1,BW26,2.5
A1,BW27,2.5
A2,BW28,2.5
A2,BW29,2.5
A2,BW30,2.5
A2,BW31,2.5
A1,BW35,2.5
A1,BW36,2.5
A2,BW37,2.5
A2,BW38,2.5
A2,BW39,2.5
A2,BW40,2.5
A1,BW47,2.5
A1,BW48,2.5
A2,BW49,2.5
A2,BW50,2.5
A2,BW51,2.5
A1,BW57,2.5
A1,BW58,2.5
A2,BW59,2.5
A2,BW60,2.5
A2,BW61,2.5
A1,BW65,2.5
A1,BW66,2.5
A2,BW67,2.5
A2,BW68,2.5
A2,BW69,2.5
A2,BW70,2.5
A2,BW71,2.5
A2,BW72,2.5
A2,BW73,2.5
A1,BW88,2.5
A2,BW89,2.5
A2,BW90,2.5
A2,BW91,2.5
A2,BW93,2.5
A2,BW95,2.5
A2,BW97,2.5
A2,BW98,2.5
A2,BW99,2.5
A2,BW100,2.5
A2,BW104,2.5
A2,BW105,2.5
A2,BW106,2.5
A2,BW110,2.5
A2,BW111,2.5
A2,BW112,2.5
A2,BW113,2.5
A2,BW114,2.5
A2,BW119,2.5
A2,BW120,2.5
A2,BW121,2.5
A2,BW122,2.5
A1,BW123,2.5
A2,BW137,2.5
A2,BW138,2.5
A2,BW139,2.5
A2,BW140,2.5
A1,BW141,2.5
A1,BW142,2.5
A2,BW146,2.5
A2,BW147,2.5
A2,BW148,2.5
A2,BW149,2.5
A1,BW150,2.5
A1,BW151,2.5
A2,BW153,2.5
A2,BW154,2.5
A2,BW155,2.5
A1,BW156,2.5
A1,BW157,2.5
A1,BW158,2.5
A2,BW163,2.5
A2,BW164,2.5
A2,BW165,2.5
A1,BW166,2.5
A1,BW167,2.5
A1,BW168,2.5
A1,BX25,2.5
A1,BX26,2.5
A1,BX27,2.5
A1,BX28,2.5
A2,BX29,2.5
A2,BX30,2.5
A2,BX31,2.5
A2,BX32,2.5
A2,BX33,2.5
A2,BX34,2.5
A2,BX35,2.5
A2,BX36,2.5
A2,BX37,2.5
A2,BX38,2.5
A2,BX39,2.5
A1,BX47,2.5
A1,BX48,2.5
A2,BX49,2.5
A2,BX50,2.5
A2,BX51,2.5
A1,BX57,2.5
A1,BX58,2.5
A2,BX59,2.5
A2,BX60,2.5
A2,BX61,2.5
A1,BX65,2.5
A1,BX66,2.5
A2,BX67,2.5
A2,BX68,2.5
A2,BX69,2.5
A2,BX70,2.5
A2,BX71,2.5
A2,BX72,2.5
A2,BX73,2.5
A1,BX88,2.5
A2,BX89,2.5
A2,BX90,2.5
A2,BX91,2.5
A2,BX92,2.5
A2,BX93,2.5
A2,BX94,2.5
A2,BX95,2.5
A2,BX96,2.5
A2,BX97,2.5
A2,BX98,2.5
A2,BX99,2.5
A2,BX100,2.5
A2,BX104,2.5
A2,BX105,2.5
A2,BX106,2.5
A2,BX111,2.5
A2,BX112,2.5
A2,BX113,2.5
A2,BX114,2.5
A2,BX115,2.5
A2,BX116,2.5
A2,BX117,2.5
A2,BX118,2.5
A2,BX119,2.5
A2,BX120,2.5
A2,BX121,2.5
A1,BX122,2.5
A1,BX123,2.5
A2,BX137,2.5
A2,BX138,2.5
A2,BX139,2.5
A2,BX140,2.5
A2,BX141,2.5
A2,BX142,2.5
A2,BX143,2.5
A2,BX144,2.5
A2,BX145,2.5
A2,BX146,2.5
A2,BX147,2.5
A2,BX148,2.5
A2,BX149,2.5
A1,BX150,2.5
A1,BX151,2.5
A1,BX152,2.5
A2,BX153,2.5
A2,BX154,2.5
A2,BX155,2.5
A1,BX156,2.5
A1,BX157,2.5
A1,BX158,2.5
A2,BX163,2.5
A2,BX164,2.5
A2,BX165,2.5
A1,BX166,2.5
A1,BX167,2.5
A1,BX168,2.5
A1,BY25,2.5
A1,BY26,2.5
A1,BY27,2.5
A1,BY28,2.5
A2,BY29,2.5
A2,BY30,2.5
A2,BY31,2.5
A2,BY32,2.5
A2,BY33,2.5
A2,BY34,2.5
A2,BY35,2.5
A2,BY36,2.5
A2,BY37,2.5
A2,BY38,2.5
A2,BY39,2.5
A1,BY46,2.5
A1,BY47,2.5
A2,BY48,2.5
A2,BY49,2.5
A2,BY50,2.5
A2,BY51,2.5
A1,BY57,2.5
A1,BY58,2.5
A2,BY59,2.5
A2,BY60,2.5
A2,BY61,2.5
A1,BY65,2.5
A1,BY66,2.5
A2,BY67,2.5
A2,BY68,2.5
A2,BY69,2.5
A2,BY70,2.5
A2,BY71,2.5
A2,BY72,2.5
A1,BY88,2.5
A2,BY89,2.5
A2,BY90,2.5
A2,BY91,2.5
A2,BY92,2.5
A2,BY93,2.5
A2,BY94,2.5
A2,BY95,2.5
A2,BY96,2.5
A2,BY97,2.5
A2,BY98,2.5
A2,BY99,2.5
A1,BY100,2.5
A2,BY104,2.5
A2,BY105,2.5
A2,BY106,2.5
A1,BY111,2.5
A2,BY112,2.5
A2,BY113,2.5
A2,BY114,2.5
A2,BY115,2.5
A2,BY116,2.5
A2,BY117,2.5
A2,BY118,2.5
A2,BY119,2.5
A2,BY120,2.5
A2,BY121,2.5
A1,BY122,2.5
A1,BY123,2.5
A2,BY137,2.5
A2,BY138,2.5
A2,BY139,2.5
A2,BY140,2.5
A2,BY141,2.5
A2,BY142,2.5
A2,BY143,2.5
A2,BY144,2.5
A2,BY145,2.5
A2,BY146,2.5
A2,BY147,2.5
A2,BY148,2.5
A1,BY149,2.5
A1,BY150,2.5
A1,BY151,2.5
A2,BY153,2.5
A2,BY154,2.5
A2,BY155,2.5
A1,BY156,2.5
A1,BY157,2.5
A1,BY158,2.5
A2,BY163,2.5
A2,BY164,2.5
A2,BY165,2.5
A1,BY166,2.5
A1,BY167,2.5
A1,BY168,2.5
A1,BZ26,2.5
A1,BZ27,2.5
A1,BZ28,2.5
A1,BZ29,2.5
A1,BZ30,2.5
A2,BZ31,2.5
A2,BZ32,2.5
A2,BZ33,2.5
A2,BZ34,2.5
A2,BZ35,2.5
A2,BZ36,2.5
A2,BZ37,2.5
A2,BZ38,2.5
A1,BZ46,2.5
A1,BZ47,2.5
A2,BZ48,2.5
A2,BZ49,2.5
A2,BZ50,2.5
A2,BZ51,2.5
A1,BZ57,2.5
A1,BZ58,2.5
A2,BZ59,2.5
A2,BZ60,2.5
A2,BZ61,2.5
A1,BZ66,2.5
A1,BZ67,2.5
A2,BZ68,2.5
A2,BZ69,2.5
A2,BZ70,2.5
A2,BZ71,2.5
A2,BZ72,2.5
A1,BZ88,2.5
A2,BZ89,2.5
A2,BZ90,2.5
A2,BZ91,2.5
A2,BZ92,2.5
A2,BZ93,2.5
A2,BZ94,2.5
A2,BZ95,2.5
A2,BZ96,2.5
A2,BZ97,2.5
A1,BZ98,2.5
A1,BZ99,2.5
A1,BZ100,2.5
A2,BZ104,2.5
A2,BZ105,2.5
A2,BZ106,2.5
A1,BZ111,2.5
A1,BZ112,2.5
A2,BZ113,2.5
A2,BZ114,2.5
A2,BZ115,2.5
A2,BZ116,2.5
A2,BZ117,2.5
A2,BZ118,2.5
A2,BZ119,2.5
A1,BZ120,2.5
A1,BZ121,2.5
A1,BZ122,2.5
A2,BZ137,2.5
A2,BZ138,2.5
A2,BZ139,2.5
A2,BZ140,2.5
A2,BZ141,2.5
A2,BZ142,2.5
A2,BZ143,2.5
A2,BZ144,2.5
A2,BZ145,2.5
A2,BZ146,2.5
A2,BZ147,2.5
A1,BZ148,2.5
A1,BZ149,2.5
A1,BZ150,2.5
A1,BZ151,2.5
A2,BZ153,2.5
A2,BZ154,2.5
A2,BZ155,2.5
A1,BZ156,2.5
A1,BZ157,2.5
A1,BZ158,2.5
A2,BZ163,2.5
A2,BZ164,2.5
A2,BZ165,2.5
A1,BZ166,2.5
A1,BZ167,2.5
A1,BZ168,2.5
A1,CA27,2.5
A1,CA28,2.5
A1,CA29,2.5
A1,CA30,2.5
A1,CA31,2.5
A1,CA32,2.5
A1,CA33,2.5
A1,CA34,2.5
A1,CA35,2.5
A1,CA36,2.5
A1,CA46,2.5
A1,CA47,2.5
A1,CA48,2.5
A1,CA49,2.5
A1,CA57,2.5
A1,CA58,2.5
A1,CA59,2.5
A1,CA66,2.5
A1,CA67,2.5
A1,CA68,2.5
A1,CA69,2.5
A1,CA70,2.5
A1,CA71,2.5
A1,CA88,2.5
A1,CA89,2.5
A1,CA90,2.5
A1,CA91,2.5
A1,CA92,2.5
A1,CA93,2.5
A1,CA94,2.5
A1,CA95,2.5
A1,CA96,2.5
A1,CA97,2.5
A1,CA98,2.5
A1,CA99,2.5
A1,CA104,2.5
A1,CA105,2.5
A1,CA106,2.5
A1,CA112,2.5
A1,CA113,2.5
A1,CA114,2.5
A1,CA115,2.5
A1,CA116,2.5
A1,CA117,2.5
A1,CA118,2.5
A1,CA119,2.5
A1,CA120,2.5
A1,CA121,2.5
A1,CA139,2.5
A1,CA140,2.5
A1,CA141,2.5
A1,CA142,2.5
A1,CA143,2.5
A1,CA144,2.5
A1,CA145,2.5
A1,CA146,2.5
A1,CA147,2.5
A1,CA148,2.5
A1,CA149,2.5
A1,CA150,2.5
A1,CA155,2.5
A1,CA156,2.5
A1,CA157,2.5
A1,CA158,2.5
A1,CA165,2.5
A1,CA166,2.5
A1,CA167,2.5
A1,CA168,2.5
A1,CB28,2.5
A1,CB29,2.5
A1,CB30,2.5
A1,CB31,2.5
A1,CB32,2.5
A1,CB33,2.5
A1,CB34,2.5
A1,CB35,2.5
A1,CB46,2.5
A1,CB47,2.5
A1,CB48,2.5
A1,CB57,2.5
A1,CB58,2.5
A1,CB59,2.5
A1,CB66,2.5
A1,CB67,2.5
A1,CB68,2.5
A1,CB69,2.5
A1,CB70,2.5
A1,CB71,2.5
A1,CB88,2.5
A1,CB89,2.5
A1,CB90,2.5
A1,CB91,2.5
A1,CB92,2.5
A1,CB93,2.5
A1,CB94,2.5
A1,CB95,2.5
A1,CB96,2.5
A1,CB97,2.5
A1,CB104,2.5
A1,CB105,2.5
A1,CB106,2.5
A1,CB113,2.5
A1,CB114,2.5
A1,CB115,2.5
A1,CB116,2.5
A1,CB117,2.5
A1,CB118,2.5
A1,CB119,2.5
A1,CB120,2.5
A1,CB139,2.5
A1,CB140,2.5
A1,CB141,2.5
A1,CB142,2.5
A1,CB143,2.5
A1,CB144,2.5
A1,CB145,2.5
A1,CB146,2.5
A1,CB147,2.5
A1,CB148,2.5
A1,CB155,2.5
A1,CB156,2.5
A1,CB157,2.5
A1,CB158,2.5
A1,CB165,2.5
A1,CB166,2.5
A1,CB167,2.5
A1,CB168,2.5
